Date,Open,High,Low,Close,Volume,MACD,Signal,RSI,CCI,ADX
2016-02-01,24.278449289113883,24.594576143888823,24.215224219639804,24.357481002807617,19015100,-0.6655616983602535,-0.7274425909120971,42.249989818436326,-16.749218761331438,34.87975026548346
2016-02-02,24.065064538825727,24.096676318437936,23.417005721623735,23.551359176635746,24994300,-0.6668507782012085,-0.7153242283699194,32.85710673811887,-56.31728846120189,31.533067259881097
2016-02-03,23.69487259567214,23.69487259567214,22.738149155056167,23.39191055297852,44660100,-0.6729808502976766,-0.706855552755471,35.24110020544805,-81.05346602088933,28.632608655025717
2016-02-04,23.2324599853949,23.8224399247154,23.208542845579416,23.7347412109375,29257800,-0.6427660013019079,-0.6940376424647583,31.79039213433326,-52.18983899785707,28.34578695607685
2016-02-05,23.583252240404928,23.726761118405577,23.049081150442635,23.152727127075195,27957500,-0.6581969040628799,-0.6868694947843826,45.52769756817711,-71.54218101226736,28.097208150321165
2016-02-08,22.913545790445838,23.10489045951361,22.56274647015212,22.97732734680176,28725900,-0.6767778285377339,-0.684851161535053,43.24205010472914,-105.36612061892998,27.881773185332904
2016-02-09,22.714224629907683,23.240422766455968,22.65044308367977,22.969350814819336,22902600,-0.6842592695973906,-0.6847327831475205,44.91272079844503,-97.37639086817968,25.544017581944946
2016-02-10,23.025166247221986,23.120839355028327,22.475050819520995,22.506940841674805,27267800,-0.7192103763240638,-0.6916283017828292,39.615890898863455,-136.17363118088653,23.517962725675382
2016-02-11,22.188031301879118,22.650447992412964,22.06844106686856,22.498966217041016,28450200,-0.7390337447978155,-0.7011093903858265,36.5393317763199,-183.50485455074974,21.76204851690843
2016-02-12,22.778007861325985,22.881653832034413,22.435181454735545,22.833816528320312,19699000,-0.7194311312230823,-0.7047737385532777,43.59099626861916,-125.53684932259438,24.38206322407307
2016-02-16,22.921521635383744,23.08097630720322,22.610586698075466,22.9454402923584,30705200,-0.6869698530150785,-0.7012129614456379,41.48513738445525,-84.96341332881597,23.287076832115826
2016-02-17,23.009216410976624,23.61514189153471,22.905570442623848,23.49555015563965,27691700,-0.6098251034676778,-0.6829353898500459,49.31564548530886,-4.349088092170613,23.535041979310726
2016-02-18,23.543392510891515,23.72676431496479,23.42380074933098,23.45569229125977,20623300,-0.5456140312831543,-0.6554711181366676,47.48250787714374,27.91827893147642,21.795687897027484
2016-02-19,23.280291205564687,23.383935665840408,22.88962745666504,22.88962745666504,42056700,-0.5342445566186953,-0.6312258058330732,31.114788673109018,-49.62178869628683,20.288247692382008
2016-02-22,23.208542367019223,23.55136889025037,23.12084213437703,23.399887084960938,23893100,-0.4785441197198743,-0.6006894686104334,39.71864109250611,2.9045572895226393,20.70846246574776
2016-02-23,23.36002284682155,23.399887280479565,22.80193446166325,22.961387634277344,26638200,-0.4644306951987538,-0.5734377139280975,43.122784690233445,-44.372332572889945,21.072648602664746
2016-02-24,22.73814305698355,23.36001274643851,22.62652421167543,23.272314071655277,21593600,-0.42327726280364075,-0.5434056237032061,48.65343473680097,-34.87919855007009,21.3882765879928
2016-02-25,23.37595897369047,23.615140914916992,23.08096988971806,23.615140914916992,17571400,-0.3588628623158918,-0.5064970714257433,48.65339062946284,27.47984930381537,24.765270834888938
2016-02-26,23.82243137712713,23.98188601515651,23.678924027707243,23.758649826049805,19902200,-0.2928581298511794,-0.46376928311083054,57.56970231877206,89.78659683343922,29.935650440530132
2016-02-29,23.694871040102434,24.02972460250297,23.58325369285969,23.59122657775879,22903100,-0.2511633065034502,-0.4212480877893545,57.684667433875894,87.8770955130031,33.79896078870789
2016-03-01,23.86229730521826,24.34065972886979,23.71878842605557,24.213096618652344,25502600,-0.16602629570100547,-0.3702037293716848,63.49490299570328,162.56185139269306,33.434660675253845
2016-03-02,24.15728851729605,24.611733847517996,24.013781146390144,24.348634719848636,23779800,-0.08661931568114412,-0.3134868466335766,71.50841199437599,185.95017158541182,34.59813300917353
2016-03-03,24.819023643486773,24.994424081823706,24.34863556790135,24.380525588989254,25625200,-0.02087475413092932,-0.25496442813304715,71.85191682936888,187.84724396222725,31.92668419107144
2016-03-04,24.316744703153216,24.60376250429742,23.95797245172296,24.42038917541504,20356800,0.034052407871214996,-0.19716106093219474,69.78140176634564,131.69959270915734,29.611428548716297
2016-03-07,24.38849661744014,24.81105038955581,24.31674217461536,24.66754150390625,18858200,0.09641430279104668,-0.13844598818754644,70.76926686691918,141.3707109999885,29.826791696701427
2016-03-08,24.57983772965449,24.619700627370868,24.22106556751876,24.364574432373047,19104900,0.12000628538038782,-0.08675553347395959,61.14519707536393,102.82551304174171,30.01343975828854
2016-03-09,24.57983713427461,24.7472646461065,24.45227403986557,24.61172866821289,14707800,0.1568384468449544,-0.038036737410176796,64.07759007533795,110.45427848438509,31.489764723636704
2016-03-10,24.82699552412704,25.03428597516241,24.22106994125573,24.914695739746094,29584800,0.20807653407659288,0.011185916887177141,76.34853597874485,110.46891798185838,29.564509388856543
2016-03-11,25.249551776248563,25.345224886324903,25.137934415053245,25.32130622863769,22811200,0.2782852564166518,0.06460578479307208,75.6929265559317,150.48357377794468,32.162019350826384
2016-03-14,25.24157836801739,25.26549702520964,24.954560564400257,25.05820655822754,17438600,0.3091327403094297,0.11351117589634362,79.41831147304974,118.25104419041264,34.41319465120024
2016-03-15,24.986451066484413,25.233604431152344,24.76321483733997,25.233604431152344,16927700,0.343769969799947,0.1595629346770643,78.60466306628297,106.6803002790293,36.36421324485759
2016-03-16,25.10604063790913,25.353193995998957,24.85091439463288,25.26549530029297,26298400,0.3695337947760997,0.2015571066968714,76.47060263182215,104.39407497231409,36.629379502327325
2016-03-17,25.32130707535725,25.64818628397799,25.27347127905575,25.496706008911133,22865300,0.40395207549018863,0.24203610045553486,77.11445509955598,124.64112364989947,38.71929506041695
2016-03-18,25.64020774899577,26.062759952738386,25.56048195101031,26.05478858947754,49934200,0.4708339306191718,0.28779566648826227,84.2571001177607,154.59830758150304,36.38915518938546
2016-03-21,25.696021703191946,25.84750196707134,25.47278698982339,25.783721923828125,21760900,0.4962450639519673,0.3294855459810033,74.2015026527429,122.40119099411858,34.36970063449151
2016-03-22,25.640207666041327,25.879388100568143,25.47278166600698,25.767770767211918,22200400,0.5092264002068276,0.3654337168261682,72.70395957426042,113.087453369574,32.288821973979516
2016-03-23,25.887367549425107,25.887367549425107,25.49670376521135,25.51264953613281,18765300,0.4932422617425658,0.39099542580944774,66.9047623116239,95.04737294228916,30.673859407245686
2016-03-24,25.4089960300144,25.47277757034452,25.2734600667289,25.416967391967773,14211900,0.4674653182631836,0.40628940430019495,64.63681786042845,60.592254403066086,29.27422518274303
2016-03-28,25.409001416310065,25.5126458710655,25.209683870442365,25.432918548583984,11433000,0.44321492411893715,0.41367450826394336,62.06019790267884,54.3956602654517,27.465585370837122
2016-03-29,25.4568405548781,25.863447063817645,25.297385888910608,25.81561279296875,15313200,0.4496927610324164,0.420878158817638,72.30390173596824,84.27749918552927,25.936030036549553
2016-03-30,25.8714216180267,26.11060209767538,25.743858492791087,26.078710556030277,16598000,0.4706311412968027,0.430828755313471,72.43898809957966,119.9668197201837,24.782800369080306
2016-03-31,25.93519587577083,26.03884184232936,25.767769881491446,25.79168701171875,17880000,0.45877607225633454,0.43641821870204367,63.4802274595619,95.54314536561343,23.975465154351117
2016-04-01,25.72790912328268,25.88736376785972,25.59237161092167,25.871417999267575,18049700,0.45062000210309705,0.4392585753822544,59.400404284819366,76.81576942706432,23.275774634919152
2016-04-04,25.672104204002608,25.81561310095094,25.305359076171044,25.51264953613281,21581600,0.41047494150957675,0.4335018486077189,57.51973362369606,34.27697126671112,22.66937618474478
2016-04-05,25.424945664268613,25.60831744150557,25.28940967225169,25.432918548583984,20080000,0.36798417489811186,0.4203983138657975,53.405911602353996,10.723760679210097,22.143830861260327
2016-04-06,25.488729538959426,25.696019988017028,25.3292764001498,25.576431274414062,15740600,0.3419484449992396,0.40470834009248596,55.1180780991969,20.550105138965538,20.07780241768061
2016-04-07,25.424947352990564,25.432920237835496,24.994422216070447,25.15387535095215,23738200,0.2839450679077338,0.38055568565553555,44.691330312893186,-73.5489582915051,18.287244433244854
2016-04-08,25.321303072285797,25.528593517718274,25.09806685704951,25.2176570892334,17031900,0.24035298728118093,0.3525151459806647,34.694096755789346,-65.02738981734463,18.452899716222813
2016-04-11,25.43291974423162,25.783719067238696,25.24157507368383,25.249547958374023,19707700,0.20600458333391813,0.32321303345131536,39.29722545146318,-26.07649223275244,17.87589682061686
2016-04-12,25.41697192686676,25.4648092311534,25.01833684851101,25.40102767944336,16774200,0.18882966245388388,0.2963363592518291,43.03040496211063,-72.09207370095756,17.375827644425033
2016-04-13,25.488735911006295,25.65616349738558,25.472791657609992,25.616300582885746,19968100,0.1903943901022096,0.2751479654219052,52.00007949821916,12.630919779439783,19.26822600143312
2016-04-14,25.337249033828904,25.42494772706885,25.15387572104214,25.35319328308105,21620900,0.1684619631744333,0.25381076497241084,48.8440849063126,-89.13883383064261,20.908304577506797
2016-04-15,25.3452176784072,25.42494347334638,25.018335532333897,25.08211708068848,28782800,0.12773433090995923,0.2285954781599205,44.179932521507176,-123.8747772820638,22.329706010103983
2016-04-18,25.05820551439968,25.28941310827036,25.018341087406533,25.233604431152344,21566600,0.10645401642739216,0.20416718581341486,39.54169065833128,-110.08253480080857,23.561655849628288
2016-04-19,25.273470089272795,25.361168791584923,25.03428807768,25.193742752075195,33619300,0.08538840513800494,0.1804114296783329,32.71061260992687,-94.62409892453978,22.86168166464553
2016-04-20,24.970505490182404,25.71993847542217,24.9146968126297,25.51264953613281,57629800,0.09335077900831479,0.1629992995443293,44.61559525246657,-28.05903401407947,23.17098919021729
2016-04-21,25.464810436976368,25.56048352940785,25.36116446011957,25.48872756958008,28431400,0.0966169745491321,0.14972283454528987,42.45292103251754,6.144904510876686,22.49049711959947
2016-04-22,25.305355220958543,25.401028311239333,24.890774364195448,25.22562789916992,29625600,0.07708690362047577,0.13519564836032705,44.11765165765248,-96.1838361271643,21.900737325064025
2016-04-25,25.00239664639739,25.114013999781253,24.874833522338008,25.02631378173828,19315700,0.045007381090712784,0.1171579949064042,42.056232178709976,-136.44951825158597,21.38961216979997
2016-04-26,25.02631552048038,25.273470421105248,24.850916592880715,25.03428840637207,20976400,0.0199970998077994,0.09772581588668325,38.81594323905963,-108.98472429149828,18.637191856095836
2016-04-27,24.914692706010477,25.353190689367395,24.86685692180314,25.31332778930664,20006200,0.02243381482243123,0.08266741567383284,53.49643534988613,-63.3946756165903,17.365833830796397
2016-04-28,25.07415548607859,25.281444458482213,24.739301846597307,24.803083419799805,25146400,-0.01661598852929913,0.06281073483320646,42.397821993279045,-142.76229389291197,16.26399020887022
2016-04-29,24.60375881748605,24.611731701953385,23.99783328401828,24.141342163085938,36443700,-0.09980968412928704,0.030286651040707754,33.49178053934932,-333.24338347429955,15.309059069867528
2016-05-02,24.276878720406295,24.468223390040997,24.20512427920925,24.404441833496094,21086600,-0.14286448977599875,-0.004343577122633547,35.63230211823296,-240.8205712992066,15.714936507842195
2016-05-03,24.2449887138232,24.36457894981768,23.989862471522336,24.20512580871582,27111100,-0.19086865583750878,-0.0416485928656086,29.56116825843027,-215.2233340676975,16.066696954086904
2016-05-04,24.261411666734716,24.29357714241356,23.883458508115535,24.00408172607422,23278800,-0.242341320673777,-0.08178713842724228,30.102345950805713,-190.71476006533715,16.371556007498988
2016-05-05,24.020170628571503,24.140793873636344,23.923671112234967,24.044294357299805,23393300,-0.27669933740586217,-0.12076957822296626,33.57492676730466,-155.69993389229143,17.39520005963044
2016-05-06,23.81108411497369,24.21316252807999,23.73870987790996,24.156871795654297,19632200,-0.29148420628841265,-0.15491250383605554,32.74662523136202,-128.4488587871503,16.189563001044394
2016-05-09,24.189039299283937,24.26141354241598,23.931709338728933,23.96387481689453,16888300,-0.31514180606852804,-0.18695836428255005,31.214723254349124,-107.09023897722912,18.569136462303174
2016-05-10,24.124707949100245,24.269456442204064,23.979959455996426,24.237289428710938,17013800,-0.30827475075341937,-0.2112216415767239,30.24533207279606,-80.84658162648716,21.289253068150472
2016-05-11,24.253376292427845,24.325750548997256,24.10058602480266,24.17296028137207,15754200,-0.3045131465107431,-0.22987994256352776,29.871409938812462,-67.52314685002449,25.090772691050987
2016-05-12,24.213166438287796,24.317706167702383,23.77892094577869,23.93171119689941,20826700,-0.31734072660320933,-0.2473720993714641,30.07245631794065,-82.7964633783623,28.385423030898103
2016-05-13,24.01212279019188,24.28553622775873,23.99603928590974,24.052330017089844,19999600,-0.3141523922832228,-0.2607281579538159,34.62709302955683,-63.42192096501253,33.23789306200673
2016-05-16,24.04429109092652,24.575034524157505,24.028207584754053,24.43832778930664,21826100,-0.27728248023422,-0.26403902240989674,41.59643863602257,-28.933522907065395,30.530924952120113
2016-05-17,24.583074253670027,24.583074253670027,24.01212363581365,24.10862159729004,25709900,-0.271537231351175,-0.2655386641981524,33.25191037251804,-40.12575343184203,28.034589864549304
2016-05-18,24.14883380811412,24.325747785290925,23.94779457021915,24.11666679382324,22469900,-0.26329974453872396,-0.26509088026626676,38.90854511720792,-51.72041650299317,25.871099455321268
2016-05-19,23.93975243273993,24.068417420224776,23.722629691181385,23.82716941833496,21740900,-0.2769391139463906,-0.2674605270022915,44.22923175774104,-94.69987058235908,23.996074433990305
2016-05-20,23.907588604640008,24.430290377672925,23.883464874901897,24.24533462524414,22777300,-0.25111132003717884,-0.264190685609269,47.23500562823424,-30.23520999469329,25.309477774441646
2016-05-23,24.309663772583008,24.510703006297007,24.22924777233588,24.309663772583008,20881900,-0.22288253163070948,-0.2559290548135571,51.90610797568884,16.53301917807202,22.96221134423112
2016-05-24,24.52678440113029,25.0253623326843,24.48657717137274,24.97711181640625,23699200,-0.1449822690513578,-0.23373969766111724,65.16290339455387,157.21542308781576,23.86710882583572
2016-05-25,25.089700128634878,25.38723737292657,25.04949135656314,25.242488861083984,18359600,-0.061127401425991934,-0.19921723841409217,67.44730666148227,265.4580271056376,21.994900305828516
2016-05-26,25.32290267944336,25.435484163883395,25.25052842978685,25.32290267944336,12692300,0.011682242781247965,-0.15703734217502416,67.13950562180808,260.447397198009,21.71476803983287
2016-05-27,25.411360903077156,25.45156813859887,25.290737662704288,25.38723564147949,13341300,0.07372567902876881,-0.11088473793426556,71.7444804788004,203.11219648480625,21.740291409317457
2016-05-31,25.33898590991628,25.451567393125764,25.17815390492473,25.403318405151367,23040200,0.12277798568052134,-0.06415219321130819,69.33333080335146,153.1642161799746,21.76241166287077
2016-06-01,25.42744069370057,25.507855152988625,25.306815937153512,25.459606170654297,17753500,0.164300292861693,-0.018461695996707952,71.39025749878078,134.79949356549162,22.788157757752472
2016-06-02,25.3791993885429,25.54003143310547,25.29074314446073,25.54003143310547,14140100,0.20137533745431213,0.025505710693496067,78.24858208180217,117.10635293762502,23.20871837923996
2016-06-03,25.52394243696214,25.52394243696214,25.250528940245346,25.42744445800781,15777500,0.21914656426461931,0.06423388140772072,74.22088646463666,95.46537928707068,23.573204251195783
2016-06-06,25.44352192450148,25.5882704010977,25.39527294357189,25.47568893432617,15139600,0.23442105558282478,0.09827131624274155,70.7394063821771,93.2094255069674,25.269603928188186
2016-06-07,25.531978767763007,25.749101475004213,25.49177154070681,25.636518478393555,19339100,0.256546491833717,0.12992635136093666,82.75844583265858,97.47006747694142,23.977541232143423
2016-06-08,25.57218942945899,25.73302142690016,25.56414921001377,25.64456367492676,12732100,0.27159941065021087,0.15826096321879152,82.75844583265864,90.41572545342608,23.681177428418465
2016-06-09,25.475693399717738,25.733023388190407,25.475693399717738,25.68477439880371,11276800,0.2835055511074458,0.18330988079652238,94.59438668981721,80.53255236066693,23.424291666897155
2016-06-10,25.491778518378105,25.926024051723257,25.45156974650847,25.76519203186035,35749100,0.29601797317837253,0.20585149927289242,93.54814028652325,83.18805843448337,20.747313387040844
2016-06-13,25.773228211289272,26.13509943233697,25.765187991983836,25.869726181030277,23004800,0.3107866351542974,0.2268385264491734,93.69344151251403,100.90521634377757,21.37628912686296
2016-06-14,25.74105888092589,25.92601765206258,25.564146463600387,25.845600128173828,18754300,0.3168912107177775,0.24484906330289424,88.0277337930016,79.3759281748953,21.921401434708798
2016-06-15,25.934059169682463,25.942099388666637,25.403315755891235,25.41939926147461,23783300,0.2840637724542674,0.25269200513316886,56.7899445103292,52.58234913889893,22.081390456180763
2016-06-16,25.28269110910392,25.548062801068436,25.10577562525596,25.48373031616211,18547900,0.26023889757953,0.2542013836224411,56.249833229070546,17.007178478911033,22.22004760812314
2016-06-17,25.51590616627867,25.580238677342084,25.30682512187055,25.54003143310547,27047900,0.24309825682039587,0.2519807582620321,55.975010703092536,26.978228832922657,24.77108151099593
2016-06-20,25.789311717515297,26.08684891365889,25.741061198837222,25.869726181030277,21961600,0.25319906509917445,0.2522244196294606,64.6463182357239,129.76594415269525,23.646215821703628
2016-06-21,25.942104012613523,26.03860506331421,25.80539879221091,25.990354537963867,15476500,0.26785011925987945,0.25534955955554434,66.01943759693167,137.87171810977722,21.796070131343576
2016-06-22,25.974272520683545,26.239645823922015,25.93406528105777,25.966232299804688,18304800,0.2743521612789621,0.2591500799002279,63.3165038545703,158.03675900503356,22.226459880641713
2016-06-23,26.19943246164814,26.53717687671475,26.135098439188766,26.529136657714844,22048800,0.32122388473085906,0.27156484086635413,76.8628034601432,228.98351971243218,24.83890565835002
2016-06-24,25.57218828400285,25.990350231573057,25.25052583733636,25.37114906311035,38094300,0.261910995162264,0.2696340717255361,48.34606273669605,-36.55969167414497,27.103025332363885
2016-06-27,25.25856779557892,25.25856779557892,24.47853616434514,24.70369911193848,34965100,0.15921217110293284,0.24754969160101548,37.2807327805924,-230.2243802780328,29.065262383175902
2016-06-28,24.90474378086654,25.08970107173323,24.776078773016245,25.0816593170166,23693900,0.10708641737489444,0.21945703675579128,43.027958659700346,-164.58462916446416,25.92448640957963
2016-06-29,25.210323895353465,25.71694216340665,25.178156877034983,25.676734924316406,22771100,0.11249721241673072,0.1980650718879792,49.91245709566913,-23.8524769568991,28.037490761319333
2016-06-30,25.73302538180992,26.44068443874208,25.70890011834365,26.37635040283203,34528900,0.17126420154857058,0.1927048978200975,55.86419470657156,130.367546933,32.494137880321716
2016-07-01,26.247681925092817,26.448721159283316,26.110976718298605,26.33613967895508,17084600,0.21214729253577147,0.1965933767632323,54.531270556886646,137.24931984986844,32.521291766682374
2016-07-05,26.135099609355397,26.3200553307847,26.102932596685463,26.279848098754883,20107200,0.23727007488828278,0.20472871638824242,54.192575121474945,107.46199147765941,32.54482513486161
2016-07-06,26.376349421326356,26.537181437500983,26.038604948213624,26.513057708740234,21070200,0.2728528496090128,0.2183535430323965,60.967771059217625,117.18186623600107,33.58407742149978
2016-07-07,26.50501427380136,26.979467031697645,26.50501427380136,26.698013305664062,26119400,0.3123759503601029,0.23715802449793782,61.88979795519845,159.1194481941137,30.37538627191649
2016-07-08,27.059887264648484,27.34134101867676,26.93926247428445,27.34134101867676,23341900,0.39110109243834756,0.2679466380860198,65.81918452904009,201.9056634004447,27.843630265788313
2016-07-11,27.373500075091087,27.743411492091383,27.373500075091087,27.646913528442383,23820700,0.4726994969261007,0.308897209854036,65.67374927330275,208.65072559001783,27.782028855880206
2016-07-12,27.751456509906973,28.12137105849099,27.72733278172678,28.097244262695312,28064100,0.5671668012153042,0.36055112812628964,67.56030040591872,205.95516648669235,25.1222951119103
2016-07-13,28.177660730424467,28.34653295649077,28.04899573900033,28.153533935546875,29120900,0.6392065513991021,0.41628221278085215,68.13327699903483,186.48864718323188,24.426505175678866
2016-07-14,28.250027555851894,28.38673273123284,28.113319312856387,28.30631828308105,25296400,0.7005514711310283,0.4731360644508874,65.80823907256567,161.63786924897263,24.136721839493884
2016-07-15,28.354580521571656,28.378707322699245,28.06508651658601,28.201791763305664,23661900,0.7322919397579319,0.5249672395122964,80.98610369902688,131.66541845572223,23.885576281466896
2016-07-18,28.290244550381733,28.30632805908968,28.10528880166378,28.18570327758789,19347200,0.7475312090265085,0.5694800334151389,94.45597366499833,112.09714322566361,23.914887487321426
2016-07-19,28.057032684674372,28.27415540754264,28.024865673668334,28.266115188598636,20395400,0.757366558659136,0.6070573384639384,94.00011384983216,97.46390996769037,23.940290532395352
2016-07-20,28.38673486377222,28.89335451450878,28.19373894666339,28.70035552978516,42994200,0.7910816141222696,0.6438621935956047,93.72104106542412,108.75950222112118,22.965054740890654
2016-07-21,27.60671458039864,27.73537959306455,27.228759763610576,27.55846405029297,63708600,0.7173903103333537,0.6585678169431546,65.15479325036483,35.63177477966124,22.119850388253248
2016-07-22,27.64692066807428,27.904250682668668,27.550419611889573,27.87208366394043,33033700,0.6764976590480067,0.6621537853641251,68.40097306521477,48.03826422451136,19.83044013446008
2016-07-25,27.83991896314361,27.952500470450143,27.799711720193564,27.896209716796875,20277700,0.6386744674249805,0.6574579217762961,69.51479615875111,49.98234284231232,19.645271155070848
2016-07-26,27.94444963996281,28.330444547451396,27.904242412277195,28.217863082885746,29644400,0.6274215292040601,0.651450643261849,70.15222919108263,63.496490776233614,17.708389978875125
2016-07-27,28.145496193188613,28.37065918109712,27.847958949507287,28.008790969848636,23601800,0.5947769044387954,0.6401158954972384,65.40664945811909,53.77344606095233,16.331353173464162
2016-07-28,28.00879320907761,28.00879320907761,27.759503404237677,27.960542678833008,21667400,0.5585736805737227,0.6238074525125353,58.461685226560625,34.06136990475302,15.137921275441329
2016-07-29,27.960537053660666,28.08115875358135,27.82382877927889,28.03291130065918,18171200,0.5296168148356664,0.6049693249771615,55.63393221041096,36.31471390879168,14.770826882992369
2016-08-01,28.000738567894828,28.073112800111115,27.791659156833692,28.02486228942871,18824400,0.5002522061411909,0.5840259012099673,48.786909142055244,29.198298286712024,14.452678409536603
2016-08-02,27.992709115989324,28.040956577613183,27.606714084919343,27.79166984558105,20057300,0.452942620262899,0.5578092450205537,44.2747962602292,-2.7362432608208076,14.176949732541607
2016-08-03,27.629611011091907,27.775456718905037,27.54048582597786,27.751150131225582,18388800,0.40748262425282533,0.527743920867008,40.892934693504685,-46.25555784539217,13.93798487914594
2016-08-04,27.783557842020755,28.050939548944736,27.726840416586334,28.018531799316406,16362600,0.38855173338890125,0.49990548337138674,47.14625075070528,-6.751634848543179,16.851940070954285
2016-08-05,28.19679228792877,28.464177152551866,28.11576825730467,28.34263801574707,20046200,0.39514652580749043,0.4789536918586075,52.229895599073544,94.731594298989,22.08436543651093
2016-08-08,28.27782144501061,28.49658696161733,28.245410594080408,28.39125633239746,19497300,0.3996886758875249,0.46310068866439097,51.794350626121926,105.92005870414464,24.481554329767565
2016-08-09,28.391248410058108,28.4884778448488,28.229197291494952,28.29401588439941,12578900,0.39093541100010043,0.44866763313153285,43.55034322240938,83.37730541968615,26.55911803725665
2016-08-10,28.358839404001312,28.358839404001312,27.953713126801293,27.97801971435547,19579000,0.3544146638511734,0.42981703927546094,59.0258389917163,10.572688392860956,28.359673250413852
2016-08-11,28.0833524551468,28.148174140907244,27.94561100920801,28.099557876586918,16364100,0.33145798129026716,0.4101452276784222,55.334484362699534,3.747485490235268,29.920154435150096
2016-08-12,27.96992308824875,28.164382001978804,27.905101389759597,28.01043510437012,15708300,0.30258516860799034,0.38863321586433586,52.5994494394996,-5.788547372047473,31.45040875772078
2016-08-15,28.115763087212663,28.488478504936253,28.0590456580316,28.28591537475586,18931100,0.2984913891457168,0.3706048505206121,51.581924060196286,76.87168562388409,35.42745562660342
2016-08-16,28.17248922204225,28.528999328613285,28.17248922204225,28.52899932861328,16320900,0.3112737133602437,0.35873862308853843,61.90437531262508,111.18257823007299,36.282892294438625
2016-08-17,28.49657797804053,28.52898881875318,28.17247884351768,28.37504196166992,18221600,0.3054595766968262,0.348082813810196,59.047614289532525,104.57477365259625,37.024270739895805
2016-08-18,28.32643515513508,28.43176887717456,28.156282820903623,28.33453941345215,16085200,0.2941923480947608,0.337304720667109,56.67676583441416,79.82931585822233,37.66679872595869
2016-08-19,28.22919671963459,28.577605535683585,28.14817270742838,28.553298950195312,16417600,0.29946303120263096,0.32973638277421335,60.699266024009624,108.87350782768746,39.71427108872779
2016-08-22,28.52089717558217,28.72346036135922,28.456075472516435,28.650537490844727,14941400,0.3079367202853547,0.32537645027644163,68.40263190158981,150.54658360597975,34.98142442312984
2016-08-23,28.76396928069684,28.917916172585056,28.60191813136426,28.682945251464844,18316000,0.31365163457017076,0.3230314871351875,70.03486721177961,159.33121778889273,33.28802556948815
2016-08-24,28.61811289176291,28.691035727246785,28.375037803772475,28.480371475219727,16343500,0.29839502247667227,0.31810419420348446,60.21486324468305,86.17701485716967,31.820413229665352
2016-08-25,28.39934994565473,28.53709448003453,28.27781392329755,28.431760787963867,12428000,0.2791635476653198,0.31031606489585156,52.24475873863833,53.329621429977706,30.548482535152257
2016-08-26,28.447965855982545,28.828785521217487,28.399349593122334,28.56950187683105,14469900,0.27190269502856523,0.3026333909223943,54.296619972671344,99.27625214738197,32.585196493873205
2016-08-29,28.747758356517096,28.90170521895146,28.48037663851341,28.80447578430176,15264300,0.28185974390023816,0.29847866151796304,61.53849470302279,128.9288893817496,32.62962486178973
2016-08-30,28.836891384248972,28.95843051576615,28.780173947105897,28.9260196685791,15183200,0.2961445821448976,0.29801184564335,73.49402374242392,164.69588519675273,28.749701051414153
2016-08-31,28.861185658482537,29.088058401111617,28.828777915993115,29.079954147338867,20562700,0.3162412134667676,0.3016577192080335,73.91291402497683,180.490400714647,26.106955963450748
2016-09-01,29.160992330841587,29.201504342524625,28.828788889651303,29.18529891967773,18925800,0.33678612054691826,0.30868339947581047,78.43119697136135,170.34573574972185,25.132330991225988
2016-09-02,29.33924785590974,29.43648039980312,29.12858352587792,29.233917236328125,16726700,0.352922923484428,0.317531304277534,75.77085567209157,183.38437090985406,23.208761472664555
2016-09-06,29.476998283507704,29.65525180106723,29.30684284324883,29.63094520568848,22337800,0.3932155509943094,0.3326681536208891,77.64215155751663,198.73810025526,21.239639517127806
2016-09-07,29.695747550602185,29.695747550602185,29.476979062239764,29.541797637939453,18495600,0.41319127311472315,0.34877277751965596,80.25152069630586,170.11135258342503,19.224701726985835
2016-09-08,29.4526775836132,29.647139546532976,29.26631987670193,29.52560043334961,20356500,0.4228409504997366,0.3635864121156721,81.27590009886727,132.78958628109507,17.478422308862797
2016-09-09,29.25012158420789,29.48509561183249,28.715354919433597,28.715354919433597,29457900,0.3609475689875765,0.363058643490053,53.24682669731957,38.23973610318635,15.964980146489498
2016-09-12,28.51278977802753,29.266324993424,28.40745915844592,29.233917236328125,22796600,0.3497090353159322,0.36038872185522886,59.99989537772238,31.06839388656175,14.653330272432639
2016-09-13,28.966528964596268,29.0718626626379,28.618120117193204,28.85309410095215,23591300,0.306539574656405,0.3496188924154641,52.60537354094467,2.5800385747337002,16.36658128334269
2016-09-14,28.77207774540347,29.023257245124885,28.682952526988817,28.8612060546875,14074500,0.26987112657832313,0.33366933924803593,56.20073452184343,-0.35413250450691985,18.574531540160766
2016-09-15,28.958430161780125,29.695759926495587,28.7963790186943,29.62283706665039,23736000,0.29882372090076714,0.3267002155785822,65.73872586454152,101.01429577869915,20.080367156252912
2016-09-16,30.56273381321795,30.830115605541067,30.181914042927144,30.522218704223636,74577900,0.3898475226304541,0.33932967698895655,71.47946394178524,270.8162095554198,22.580069165585044
2016-09-19,30.53840910860282,30.805793860275237,30.05225894848414,30.108976364135746,30531700,0.4237545592762686,0.356214653446419,63.80771029112854,189.13224746730978,24.74647757367289
2016-09-20,30.31965272752545,30.32775698492472,29.930731825812146,30.092782974243164,24796900,0.4441990092007728,0.3738115245972898,62.63151460887978,132.75071284648573,26.624031527349025
2016-09-21,30.14949782872424,30.352060974186024,29.86591066142505,30.34395980834961,21233700,0.47519154209939174,0.3940875280977102,63.40208875066887,123.2824136878385,27.991106643657023
2016-09-22,30.46549980916404,30.651860647226048,30.33585950281789,30.42498779296875,17013400,0.5005219237177911,0.41537440722172636,63.21239141694835,139.00549887353134,31.1849405250145
2016-09-23,30.343960559235114,30.50601169778829,30.076575716992117,30.13329315185547,18062500,0.4913946225753918,0.43057845029245945,59.113208714071455,97.72437830652645,33.95292988885765
2016-09-26,29.914524300092676,29.93072972288404,29.65524371716748,29.69575881958008,25518800,0.4437406407857267,0.43321088839111294,50.651397050281844,32.763887167214406,36.35185400418838
2016-09-27,29.898322897815262,30.157603488802422,29.67955431963202,30.125192642211918,22391600,0.435604855823879,0.43368968187766616,55.487929379468774,55.2157027292785,35.383885048419046
2016-09-28,30.23051917185058,30.38446602030776,30.10087890713198,30.33584976196289,19020800,0.4410710639869073,0.4351659582995144,57.35291368577599,82.69140325375768,36.84930161834535
2016-09-29,30.376363363818093,30.408771110254968,29.97933833400761,30.238618850708008,17675000,0.4325709428294964,0.4346469552055108,65.87824417570329,66.80781416372501,37.80776098373047
2016-09-30,30.360166390309278,30.72477759336991,30.33585671013505,30.5870361328125,24279300,0.4487756915739922,0.4374727024792071,64.62339135769082,100.84412509310931,40.2256719912089
2016-10-03,30.538417152333565,30.749084543843555,30.408776869430557,30.514110565185547,14113600,0.4505400426990285,0.44008617052317145,69.23069788682288,92.18712678299926,42.60200551847965
2016-10-04,30.60324119647621,30.74098265541557,30.246731163749285,30.41688346862793,14393100,0.4390320019154821,0.4398753368016336,67.6469735514896,73.78339263931049,44.661494575447634
2016-10-05,30.58703407401115,31.0407766193448,30.49790579806452,30.781496047973636,22420800,0.4540984207147467,0.44271995358425625,64.44439794539736,102.77336037499553,42.076086347220404
2016-10-06,30.659955766130157,30.91923632767673,30.44929146894909,30.8463134765625,15171400,0.46589830529431353,0.44735562392626776,55.10194032207985,91.74317938234817,39.83539921609014
2016-10-07,30.85442602199365,30.96786091178688,30.61134772572936,30.870628356933597,16942500,0.47177349529030366,0.452239198199075,63.66307655565585,99.03444559012873,39.187470966924344
2016-10-10,30.992162939343604,31.08129122272773,30.70857575663818,30.805805206298828,14954300,0.46582915070330344,0.45495718869992074,62.571385334521544,105.08520222699426,36.91751162511243
2016-10-11,30.716675558115732,30.78959841483824,29.833500111529062,30.1981143951416,27650500,0.4073865464963511,0.4454430602592068,47.71574574560819,1.240210522862258,34.950213528875445
2016-10-12,30.141401815103062,30.18191383294668,29.82540374870653,30.08468437194824,14053900,0.34790705079175765,0.425935858365717,44.723666536742385,-69.96513440354902,33.245221845470056
2016-10-13,29.857811241725965,30.084684103187328,29.541813178152392,29.95504379272461,16936000,0.2869998549507571,0.39814865768272506,47.09004923506912,-125.88060714430607,31.767562386518716
2016-10-14,30.13329240618309,30.5465229538114,30.10898581780554,30.34395980834961,19123900,0.2670345277753192,0.3719258317012439,60.7526786460086,-2.263362611827169,35.228983535407096
2016-10-17,30.424981617756558,30.562726153905643,30.173805313804586,30.214317321777344,15788100,0.23800719812184212,0.3451421049853635,51.64173399039695,-6.497694160397778,38.54918332259636
2016-10-18,30.76529269670414,30.83011129847574,30.408779568920863,30.5870361328125,42907800,0.24228521026369876,0.3245707260410306,54.36632083741692,63.342558379183416,36.881090879291676
2016-10-19,29.22580864799052,29.2420140695713,28.54519639593832,28.772066116333008,75229000,0.0980919112224754,0.2792749630773196,34.03889970174241,-300.7175218877618,35.435410761760956
2016-10-20,28.691045171776576,28.9017094931502,28.43986574667824,28.707250595092773,25669500,-0.021168372184803275,0.21918629602489503,28.19550019978172,-249.19840157081953,34.182487993234325
2016-10-21,28.52898463829735,28.68293456368966,28.20488555126592,28.480371475219727,20813200,-0.13246330040334087,0.14885637673924787,27.223207926917098,-212.85300751148264,33.09662159384458
2016-10-24,28.70724640950097,28.75586267236118,28.447965855982545,28.56950187683105,21524700,-0.21104051069783125,0.07687699925183206,29.27272198106688,-164.17295070510062,34.674538800375885
2016-10-25,28.472275958214126,28.561404239030896,28.36694225444264,28.439865112304688,17860300,-0.2805402263529082,0.005393554130884007,22.264929788550035,-145.38000171919106,36.042067046036344
2016-10-26,28.391248410058108,28.528989851772582,28.148173277647377,28.29401588439941,19977600,-0.34342922715371316,-0.06437100212603543,20.339074719591494,-130.4728463455995,37.22725819227541
2016-10-27,28.439867855214352,28.54520156914485,28.15628065332688,28.204896926879883,14634700,-0.3958967175302206,-0.13067614520687248,19.480517778943323,-111.85545506137731,37.76160477497821
2016-10-28,28.253506803975704,28.49658196156417,28.12386651387063,28.148176193237305,22296400,-0.4370168130442096,-0.1919442787743399,19.516726428654195,-99.74413821241554,38.224705146653974
2016-10-31,28.29402153650097,28.42366492994386,28.229202930648142,28.25350952148437,19188600,-0.45585050484834966,-0.24472552398914185,24.789931135096253,-85.3691880355979,40.042221150101255
2016-11-01,28.277806406322483,28.488470643595736,27.767346593685257,27.96990966796875,25368200,-0.48803471888020766,-0.293387362967355,23.742370196841392,-89.93800498904561,39.31499360886269
2016-11-02,28.03473281860352,28.277811020097847,27.92940222821488,28.03473281860352,21416400,-0.5025175444228474,-0.3352133992584535,25.766833067765504,-81.67963793143069,40.83936847609593
2016-11-03,28.12454545628352,28.181692322913708,27.65103928789545,27.700023651123047,19400000,-0.5348382382575707,-0.37513836705827697,16.17231769397081,-90.18640853591236,42.1604933610314
2016-11-04,27.37346544408604,27.70002161303492,27.28366234191157,27.438777923583984,21914700,-0.5749058115413668,-0.41509185595489495,15.645444896047309,-109.40754028329962,43.30546826130881
2016-11-07,27.953100944438148,28.36945707365753,27.8796259670147,28.32047271728516,19296600,-0.5294115243141455,-0.4379557896267451,25.084642421934845,-54.73381328885128,43.03687694953712
2016-11-08,28.247002663313037,28.532740120550567,28.157202665716884,28.361299514770508,14833100,-0.4844778336750224,-0.4472601984364006,42.597155459735326,-37.81458552487121,38.54520110212138
2016-11-09,27.86329801638465,28.45109472504948,27.48775751047044,28.369457244873047,25999400,-0.44310150118690217,-0.4464284589865009,43.785367236753345,-57.44891481639175,34.65241536769442
2016-11-10,28.532734374233957,28.532734374233957,27.781656501558277,28.165359497070312,28249900,-0.42191585873532844,-0.44152593893626646,44.15550131040031,-48.71428712542555,32.308984712773224
2016-11-11,28.222514575933342,28.46743019396784,28.034745831631195,28.255170822143555,22665000,-0.3933448267946531,-0.43188971650794383,44.16960780706502,-33.3098020273414,32.41887291333045
2016-11-14,28.2143488925322,28.353133251881832,27.920448938296857,28.149036407470703,22558900,-0.3749441160253504,-0.4205005964114251,44.558096507970944,-45.97252238656149,32.51410935381339
2016-11-15,28.2796551670995,28.810308150177697,28.255164545018165,28.500080108642575,20676100,-0.32825125118640486,-0.4020507273664211,53.58083926013379,78.51976453100963,29.400978146672486
2016-11-16,28.491916485412656,28.508241489977888,28.1980165749147,28.44293212890625,18565500,-0.2924865805230432,-0.38013789799774556,54.18288609387036,47.37358207147657,26.702931100483706
2016-11-17,28.418441321728043,28.589881896972656,28.27149136744117,28.589881896972656,15748500,-0.24941015812881062,-0.35399235002395857,57.523323892671456,89.72283849696898,25.215220449502304
2016-11-18,28.49191898839416,28.573556475473023,28.279656539156303,28.532737731933597,16806900,-0.21737705223184278,-0.3266692904655354,54.835310888598656,81.58360947523919,23.802012259347727
2016-11-21,28.655199436487685,28.736840053432672,28.442940060972923,28.557233810424805,14259500,-0.18784855500008746,-0.29890514337244584,61.17315455918352,124.68628795328102,24.358676106453146
2016-11-22,28.72050421280351,28.98174788828872,28.66335735343301,28.96541976928711,22327400,-0.13001112535086534,-0.26512633976812977,65.65945527529561,204.05383586827423,26.887539250504343
2016-11-23,28.96542486477923,28.998081108527213,28.655196777715,28.73683738708496,15843100,-0.101449783603627,-0.23239102853522922,68.09120601827671,153.5480830338482,29.20113846496261
2016-11-25,28.663361649809577,28.94093348590188,28.663361649809577,28.932767868041992,6372800,-0.06228675915433257,-0.1983701746590499,76.67645474156295,142.34513645405562,31.02893532704372
2016-11-28,28.92460647374817,29.11237520620726,28.74500024519128,28.98991584777832,13549000,-0.02633484407515496,-0.16396310854227095,66.9422955687948,143.76169750131845,34.00295928889741
2016-11-29,29.096047313451475,29.096047313451475,28.7939848383558,28.826641082763672,19581000,-0.010892044637365927,-0.13334889576128994,61.08957092247266,115.82517893635163,35.419603295016756
2016-11-30,28.736837504533803,28.818474999966607,28.328643798828125,28.328643798828125,27016100,-0.03839513844435771,-0.1143581442979035,49.21146969254762,21.980517628869027,36.64736143365353
2016-12-01,28.45926337692676,28.51641024199926,27.39796045008964,27.561235427856445,29618700,-0.12072335676445078,-0.11563118679121297,40.41454697321389,-119.88957482571621,37.71141848713873
2016-12-02,27.528581380870506,27.96942816608675,27.4306126603598,27.88779067993164,21492500,-0.1577997657469652,-0.12406490258236343,44.578212867627784,-130.60459731170954,37.57400776041677
2016-12-05,28.01024263784476,28.10004260322922,27.732670898127356,28.075551986694336,14462000,-0.17007183645308288,-0.1332662893565073,48.941032377302186,-100.00146516743993,34.41054849484312
2016-12-06,28.07556515252241,28.369465145841847,28.00209015419255,28.344974517822266,15297700,-0.1562561704325347,-0.13786426557171277,47.71095935911371,-38.62859582603945,32.15976148822445
2016-12-07,28.304149365896183,29.03889926388805,28.12454625748653,28.981752395629883,21710300,-0.09285413790833985,-0.1288622400390382,56.79019586257556,65.60398056651819,35.062647305931456
2016-12-08,28.965420958522994,29.414433349556443,28.753161631327863,29.14502716064453,19966500,-0.029097246409204303,-0.10890924131307143,56.96725588895135,137.48076417594254,30.938461395107876
2016-12-09,29.185841557352365,29.308300879524754,29.055219733694454,29.19400405883789,16326900,0.02509331569140727,-0.0821087299121757,58.3161586214175,136.4061624068782,28.37416690159576
2016-12-12,29.210332439991078,29.463413588107937,29.12052935148929,29.365447998046875,21985800,0.08094078467361498,-0.049498826995017564,59.80190635867728,141.0164443064668,24.920508379478026
2016-12-13,29.398104078425373,30.11652574450213,29.33279471656581,30.04305076599121,35773600,0.1778273041432854,-0.004033600767356975,62.267675024047286,199.76713022793956,25.183239300980127
2016-12-14,29.96141618032751,30.11652865471926,29.765481847274792,29.838956832885746,30819400,0.23542802639580174,0.04385872466527477,62.616794677184714,178.149023193711,22.370912964986733
2016-12-15,29.994068574687542,30.33694972071569,29.822624887403293,30.034887313842773,23721500,0.2935036388762988,0.09378770750747958,62.616794677184686,172.5666182606336,21.155163696826868
2016-12-16,29.977735402665434,30.10019159948804,29.463410656055487,29.643016815185547,38212800,0.30439937937267914,0.1359100418805195,56.944350364868775,112.14222236620202,20.101514331088318
2016-12-19,29.667511399074726,30.165508096517197,29.610364543394777,30.11652374267578,18744300,0.34723962179074164,0.17817595786256393,62.86634465449394,122.89591953626741,18.008044172069372
2016-12-20,30.165508256964568,30.402261297052227,30.11652390286261,30.37776756286621,18551800,0.3976867304606486,0.2220781123821809,71.45288747972691,138.66448366873223,18.31951411143315
2016-12-21,30.410413940562727,30.492051389997545,30.132842252507636,30.18998908996582,14323600,0.4176992966178332,0.2612023492293114,81.32273169827072,117.54114113583394,17.84702484724707
2016-12-22,30.39410076358998,30.40226638110752,30.05121957034781,30.149185180664062,10793900,0.425363538914997,0.29403458716644854,78.91447852964221,97.52654589491051,17.437534151619133
2016-12-23,30.14918465564617,30.19000339971124,30.018562806075625,30.181840896606445,6287300,0.4291258537937601,0.32105284049191085,78.04359993539552,81.13336628396844,17.082642215408256
2016-12-27,30.132855480440995,30.47573976998097,30.132855480440995,30.263477325439453,9033700,0.43369552098410225,0.34358137659034915,76.8878899600524,86.03264311237537,15.657801892192726
2016-12-28,30.287972049328747,30.369612659926403,29.86345333130437,29.904272079467773,12868600,0.40367879593053857,0.355600860458387,64.01995454861677,58.74269859931064,14.422940278739265
2016-12-29,29.806297379622112,29.977741070419267,29.74098801848958,29.928756713867188,8447300,0.37751428080156657,0.35998354452702297,62.43528145681337,40.24984018979604,13.352726880412934
2016-12-30,30.034884708374143,30.04304720978904,29.55321615387782,29.6103630065918,17468000,0.32731393154976374,0.35344962193157115,56.08596157256088,21.03036617292526,13.184353631888401
