,Open,High,Low,Close,Volume,MACD,Signal,RSI,CCI,ADX
2016-03-30,37.51365142425838,37.562754134036034,37.254116541909866,37.331275939941406,6711287,0.22577391907982758,0.16879973584816332,62.27201995701445,104.57672731111252,23.402135105382357
2016-03-31,37.233064936978266,37.51364579877512,37.008600247540784,37.11381912231445,8735080,0.21514291236055527,0.17806837115064172,53.30652324358485,68.32940761314482,23.934467268773485
2016-04-01,36.82623359280989,37.73110603678828,36.7841471545474,37.66797637939453,9099889,0.24856828187907354,0.1921683532963281,54.845029868427176,92.06318689495387,21.38522518589018
2016-04-04,37.81526705555568,38.32031253168636,37.70303472752664,38.15897750854492,10741581,0.31109174372034687,0.21595303138113184,61.49824628555516,189.21897606376825,25.059127833059577
2016-04-05,37.94153785327779,38.38345383080705,37.87139473013984,38.046756744384766,9432838,0.3475800731647496,0.2422784397378554,67.36645242041536,175.4966645600204,28.850829731040523
2016-04-06,38.12392659284864,39.1340181289884,38.06079692344021,39.021785736083984,13079459,0.4499868596950307,0.28382012372929044,80.00028296898127,246.20030254497578,25.69712967331988
2016-04-07,38.818349766757,39.12698733056575,38.61492827958013,38.87446594238281,11042566,0.513340035288806,0.32972410604119357,82.68913154549017,219.34954348093575,25.635885752517947
2016-04-08,39.105942983040215,39.21817533104248,38.6500001208809,38.83237838745117,7322795,0.5537682734912153,0.37453293953119793,79.39508331714177,176.25869470857893,24.93844418588749
2016-04-11,38.839397743939486,39.09893543856247,38.56583030262334,38.614933013916016,7404749,0.5617859998522334,0.41198355159540506,72.27725757730765,130.09385318973202,24.333994828141094
2016-04-12,38.55881785876468,39.10594995170788,38.53777464029765,38.818355560302734,6221976,0.5778930142359897,0.44516544412352205,72.60297881624248,114.46555028156473,23.746943675069417
2016-04-13,38.90252331713007,39.27429333776942,38.7692477481914,39.25325012207031,8849836,0.6186192382476037,0.4798562029483384,75.35222123179533,119.2454826786401,24.62971835009134
2016-04-14,39.29533129767879,39.70217422482317,39.23921793283072,39.59695816040039,8757822,0.6708957616762277,0.5180641146939163,77.4349611726941,133.34768294219637,27.56665524179648
2016-04-15,39.65307636222312,39.66710330202113,39.197130712131205,39.37950897216797,8839251,0.6868612420912115,0.5518235401733753,76.5650178337922,113.12286419181584,30.112000547940934
2016-04-18,39.37951186497288,39.86351423448172,39.225193081728456,39.6390495300293,8168322,0.712246420911363,0.583908116320973,76.10481390991664,113.42113606914322,30.06592650699228
2016-04-19,39.79336668366764,40.24930954431506,39.43562642612997,39.88455581665039,8011122,0.7436028725275605,0.6158470675622905,78.6162650803301,120.53118902244162,26.444589898597062
2016-04-20,40.087977996609006,40.26333999124041,39.58994589371223,39.68814849853516,8929903,0.7440279659666515,0.6414832472431626,78.98895932795473,108.38819366913155,24.43503395754653
2016-04-21,39.519808277009005,40.00381073682647,39.49876505757351,39.702186584472656,11040994,0.7370019125140317,0.6605869802973365,76.07914865314277,92.14962530560989,22.693418808636068
2016-04-22,39.76529631312509,40.00379068764329,39.63903705979096,39.80036926269531,7433988,0.7309305240260286,0.674655689043075,73.39997063318134,92.84519135195482,22.31204125052779
2016-04-25,39.61799758750816,39.730229915011954,39.2813006049968,39.43561935424805,8677650,0.6887471867985937,0.6774739885941788,68.46999403411519,61.967424885155005,21.981514033500616
2016-04-26,39.56890581305923,39.57591928386414,39.19012230426175,39.30936813354492,7573477,0.6377772703757287,0.6695346449504889,54.93957557443176,45.720182879274724,21.695057112077066
2016-04-27,39.32339441561588,39.7162076356888,39.32339441561588,39.498756408691406,7274587,0.6056833547241922,0.6567643869052296,60.57018846963693,55.0262398279658,19.403230343168392
2016-04-28,39.20414923901538,39.442640880480745,38.9656547932836,39.09893035888672,9531246,0.5417412190615067,0.633759753336485,54.02547962977687,8.752016797681796,17.41698047678087
2016-04-29,39.02878644530989,39.02878644530989,38.27121944308878,38.46762466430664,13862944,0.43510984689134347,0.5940297720474568,48.02253174928307,-84.56325406705572,15.695563925911687
2016-05-02,38.47462944507778,38.83236962306044,38.36941059097347,38.790283203125,10143487,0.37234737496130066,0.5496932926302256,49.63484598429823,-83.71111516412427,15.742962321270355
2016-05-03,38.67806794149735,38.895516409924944,38.47464641639177,38.63597869873047,7966058,0.3066220319309423,0.5010790404903689,41.33852619949423,-93.82645538629961,17.239806486129094
2016-05-04,38.376444483516046,38.60792552488679,38.20809590991333,38.446590423583984,8075888,0.23652565254299418,0.448168362900894,33.12747300950703,-128.1274594974737,18.53707142900667
2016-05-05,38.07481535062624,38.15899102860512,37.41545089090356,37.9415397644043,11764010,0.13862244627835452,0.3862591795763861,30.55010056334038,-190.05581279334396,19.6613677128339
2016-05-06,37.75213521971673,37.85735408051965,37.21903305522007,37.59781646728516,11031562,0.032918389790530966,0.31559102161921515,23.00513868807562,-189.9374852413122,20.63575782548417
2016-05-09,37.57678771088033,38.10989008044888,37.53469846780889,37.94855499267578,8358219,-0.022294175401427196,0.2480139822150867,25.09013983577009,-132.93391366310848,25.4609763113068
2016-05-10,38.20809473753337,38.39047305440701,38.15197854805434,38.35540008544922,6797538,-0.03284293930036597,0.19184259791199618,33.73288883094614,-76.74285118354297,32.404998846439966
2016-05-11,38.36941929838751,38.43254894261708,38.06078174313229,38.09585189819336,6888399,-0.06143806054871703,0.14118646621985353,31.502197731719406,-77.78916990586202,37.56230309973226
2016-05-12,38.29226910263269,38.31331232242785,37.82930985433804,37.96258544921875,8640026,-0.09377243853273853,0.09419468526933512,29.00656780104157,-84.11625141765391,42.03196678591891
2016-05-13,37.948538716309216,38.23613580141051,37.75914982291919,37.794219970703125,7467210,-0.13146787326182618,0.049062173563102864,30.369136855744117,-85.28865843271258,45.90567531394734
2016-05-16,37.717072602775445,38.41852625850202,37.59081049606199,38.3343505859375,6968257,-0.11641578161194133,0.015966582528094027,39.38938801807656,-62.13282376020757,44.815815883614476
2016-05-17,38.16600441099619,38.27823677852842,37.864380273786665,38.102874755859375,12360112,-0.12176146512197761,-0.011579027001920303,34.9472300290259,-60.874812390262726,45.965788983567776
2016-05-18,38.15196541538333,38.54477860652239,37.99764664850239,38.34837341308594,7745978,-0.1049781451858749,-0.030258850638711223,41.62754636564174,-32.93216498261384,42.44211212754264
2016-05-19,37.99063717730609,38.56582587881237,37.9345210012372,38.285247802734375,9153127,-0.09566814953537062,-0.043340710418043105,47.670269759264286,-31.55759835287718,39.07373182004991
2016-05-20,38.46061153120871,38.95864086355364,38.32032248685987,38.65701675415039,9047489,-0.057626975627457,-0.04619796345992589,48.31871422425036,29.06110019928767,36.23281955778039
2016-05-23,38.57984739579018,38.74118241917948,38.42552864557964,38.52373123168945,5837674,-0.03779838275485048,-0.04451804731891081,48.5763387254252,26.93592277098735,32.445668744306616
2016-05-24,38.74119851921469,39.2041577665084,38.7061255515429,39.000736236572266,6614138,0.01621927168304893,-0.03237058351851887,56.550453453388485,104.30126811203245,32.8497341642438
2016-05-25,39.14803856236841,39.75128682959638,39.11997906868642,39.6811408996582,10052626,0.11263325587135853,-0.003369815640543391,69.7449410802985,201.45328314879356,35.69727083580929
2016-05-26,39.610990597068536,39.78635259828898,39.519801459068624,39.554874420166016,5995084,0.17681516812924514,0.032667181113414316,73.3666002603419,202.33871974392912,34.12217719031121
2016-05-27,39.63203841726476,39.87053289787504,39.44264664874881,39.618011474609375,7869222,0.23012172859310454,0.07215809060935235,71.40260995271882,170.98887330510283,33.21979488667268
2016-05-31,39.62501530702708,39.78634754245404,39.33742098854753,39.463680267333984,9922988,0.25695233659732253,0.1091169398069464,65.19186905654576,133.22017463868997,32.43773022351929
2016-06-01,39.42160914750759,39.646073913748026,39.24624710048246,39.51279830932617,7012168,0.2789634848325093,0.143086248812059,70.61205101682951,109.87696178516568,31.759940848786346
2016-06-02,39.58994757771868,39.88455820898547,39.533831400537686,39.85649871826172,7645684,0.32044731182835307,0.17855846141531784,75.9609914243882,122.01898949787346,27.89406182740378
2016-06-03,39.87053273872296,39.95470841565339,39.47771945633685,39.73024368286133,5697871,0.3392254377124928,0.21069185667475282,76.84817718885989,102.76413209551501,25.211832280658875
2016-06-06,39.74426852116694,40.242300672280656,39.73725505023857,40.10200881958008,7235392,0.3797283057905929,0.24449914649792087,75.7141033822591,117.45837726106068,25.29751665499981
2016-06-07,40.12305323012508,40.29139895978073,39.92664520508257,39.98276138305664,6552515,0.39762131797196076,0.27512358079272886,78.26974374860171,108.36662652638414,23.196428423951104
2016-06-08,39.96170179310914,40.59300923771476,39.96170179310914,40.41764450073242,8164025,0.44180029339334936,0.30845892331285296,79.44078215383213,117.55249107529053,23.695883460664078
2016-06-09,40.34050223364549,40.557953477948814,39.9336592365532,40.10902404785156,9670630,0.4467593942100123,0.33611901749228484,74.25370787109657,96.27431886313869,24.12874449248199
2016-06-10,39.85648932949126,40.038867563434266,39.68112736870966,39.8494758605957,9989222,0.42484875576150927,0.35386496514612975,66.34594870464804,59.894105688561474,24.503890720057505
2016-06-13,39.72926451279941,40.08285440407606,39.6656195197762,39.67976379394531,6502630,0.3893024353552548,0.36095245918795477,65.68993421604432,51.11810536197307,25.23151449523857
2016-06-14,39.43932859143767,39.82120426343948,39.33325075936651,39.77877426147461,9006722,0.3649145300494965,0.3617448733602631,61.76706113670141,29.14828532561209,25.86212176706216
2016-06-15,39.89191980746068,39.96970908091176,39.56661843834925,39.66562271118164,8015942,0.3326222921934203,0.3559203571268946,49.7166917846189,35.67348865693546,22.493852292935188
2016-06-16,40.302074427229016,40.78295422900638,39.693899005086166,40.66273498535156,23110706,0.38307325828333916,0.3613509373581836,65.34606169939116,127.2404358277593,25.883342677955433
2016-06-17,40.61322990672576,40.61322990672576,39.389811213605846,39.52417755126953,18323651,0.3274097667941618,0.3545627032453792,48.99857346183033,34.6425134576675,28.820901011639645
2016-06-20,39.842407752144666,40.02627481041023,39.68682923845449,39.70097351074219,9116238,0.294170985137562,0.3424843596238158,52.520386341738536,18.930189780116685,27.65996610170891
2016-06-21,39.98385637385014,40.07578992954668,39.7717035368668,39.77877426147461,6710344,0.27098315643212345,0.32818411898547734,52.80792811600927,24.96094880147781,25.71925487278161
2016-06-22,39.70096422656517,40.50007443015258,39.672675688605125,40.3374252319336,13076420,0.29429267681140203,0.3214058305506623,54.85675365820591,101.5691481664104,26.955022265599844
2016-06-23,40.6485981567491,40.790035247802734,40.386941800026776,40.790035247802734,7302883,0.3453070011458621,0.32618606466970224,60.040724099646106,201.53283141542414,24.608189754805423
2016-06-24,39.63026127389868,40.35865607298339,39.43932346272742,39.5171127319336,18087013,0.27979668987252637,0.31690818971026713,45.2667765231474,-39.16229373532071,22.574268245450256
2016-06-27,39.24131028802169,39.37567381232342,38.96550968940765,39.114017486572266,13721778,0.19312663508684125,0.29215187878558196,43.27854704981648,-189.3880646987764,20.81153627067578
2016-06-28,39.20595408005345,39.36860333561987,38.97258345465173,39.30495834350586,13372585,0.13825362194646118,0.26137222741775784,41.05346133791369,-162.0729868392952,19.34393495597703
2016-06-29,39.70097718837211,40.40815411520889,39.58782865390555,40.34450912475586,10284862,0.1766135329823939,0.24442048853068507,51.694269110239055,51.421890731898095,22.155011524867202
2016-06-30,40.41521543126967,40.79002019162569,40.24549268094757,40.740516662597656,9723030,0.23624524939982905,0.24278544070451388,56.287405163090156,143.1893795476027,19.90403915500507
2016-07-01,40.69102090733641,41.01632220081118,40.60616092954216,40.97389221191406,8245978,0.2988898545224927,0.2540063234681097,59.05037829070226,171.50092799161695,18.466567455470848
2016-07-05,40.860755976183526,41.136556641259375,40.860755976183526,41.016334533691406,7749017,0.3479499456917452,0.2727950479128368,58.72379720026611,165.32861286921064,18.435091119857727
2016-07-06,41.207274521034726,41.91445156996127,41.06583741495408,41.83666229248047,15015430,0.4478613489250023,0.30780830811526994,63.91658144938338,212.81284354394637,17.66194190718688
2016-07-07,41.64571757883471,41.73765111716288,41.22140915787076,41.56792831420898,9800791,0.4995982124630203,0.34616628898482,56.400010141150744,166.15940682049532,16.138516642868
2016-07-08,41.709363398392696,42.126598277215365,41.58207058685876,41.97101974487305,9934411,0.5665948069977702,0.39025199258741006,69.30799170396766,171.0638540131414,16.57887420643827
2016-07-11,41.90738347214981,42.25389988031176,41.864950641370704,41.96395492553711,7688862,0.6120645201819812,0.43461449810632435,68.3486530808683,154.6817452681426,15.27729837564703
2016-07-12,41.91445547953048,42.28218690075427,41.78009191251645,42.14782333374024,8804562,0.6553814104230611,0.4787678805696717,68.88386020946929,135.2627524560518,14.298955554440488
2016-07-13,42.27510937094206,42.39532864124613,42.06295655334012,42.11245727539063,7119274,0.6790291868926133,0.5188201418342601,65.43667933942417,127.2300214786406,13.09029342714352
2016-07-14,42.33875932742272,42.38118932764815,42.06295867163971,42.18317794799805,7698084,0.6954599578742773,0.5541481050422635,62.97755603883271,112.67684626551163,12.042799575376561
2016-07-15,42.28924750113636,42.38118103507573,41.90029836941723,42.16902542114258,8554510,0.6992786229355517,0.5831742086209212,82.2716211686955,95.58903276406248,11.134971570511862
2016-07-18,41.7235113644134,42.07002773113997,41.5254999925991,41.73765563964844,9190122,0.6598902027596907,0.5985174074486751,81.70933330136745,61.83699845718718,10.348187299629123
2016-07-19,41.78007449436366,42.07709005928396,41.41234322644738,41.48305892944336,9307602,0.6012005040555763,0.5990540267700554,75.9256434007155,47.692080745797725,9.590929841657635
2016-07-20,41.72350091843525,41.80836089428227,41.553778139583166,41.57499313354492,6786848,0.5557010412492787,0.5903834296659001,68.91276408120372,41.79628059031001,10.338290723644224
2016-07-21,41.72350091843525,41.80129017201437,41.41234390411878,41.57499313354492,6337361,0.513720538580543,0.5750508514488287,64.60384241017834,33.79003762824563,10.986003488032601
2016-07-22,41.71644020664059,41.780085203798414,41.40528029049868,41.59621810913086,6570436,0.476668626695016,0.5553744064980661,61.76466770415214,30.49740850914059,11.547354550502526
2016-07-25,41.461854237305175,41.638647779457656,41.00218933141349,41.412353515625,8422986,0.42753996887888235,0.5298075189742294,57.10649821471596,3.8591217238482094,12.03385880464313
2016-07-26,41.51136118546215,41.589150463465664,41.11534124379765,41.27091979980469,7494038,0.37289414318679803,0.4984248438167431,36.577379228452365,-11.518725742981434,13.986422739662727
2016-07-27,41.292135476595966,41.52550331442797,40.96683408312012,41.44064331054688,8267462,0.3393701536218714,0.46661390577776884,46.8312019343091,-34.506077048429034,15.678644816679709
2016-07-28,41.38405666602159,41.43356020493244,41.09411463652184,41.320411682128906,7639606,0.2996463264408291,0.4332203899103809,31.147823664785506,-58.47997638864589,18.793351370521293
2016-07-29,41.73057095782428,41.86493446882204,41.20726118529565,41.48305892944336,8898778,0.2780836060540892,0.4021930331391226,37.21792313557545,-24.968685137233635,18.44811792973593
2016-08-01,41.60327816897872,41.72350023567208,41.3699104120602,41.48305892944336,9297018,0.258020692861578,0.3733585650836137,30.41660673187559,-33.979614624872035,16.111327152091693
2016-08-02,41.497203036924326,41.53256230186159,41.19311675105346,41.24969100952149,7153962,0.22074523514876176,0.34283589909664336,27.23893139143334,-91.58822179246663,14.086108478133355
2016-08-03,41.13655593005198,41.22848948348784,40.43644960621166,40.768821716308594,10099890,0.15066525787930374,0.3044017708531755,19.32535893876259,-191.86048237087095,12.330918960702794
2016-08-04,40.8324644392658,41.17898078206204,40.8324644392658,40.90318298339844,5807387,0.1047605875029376,0.2644735341831279,23.90687931205322,-136.93318803135693,15.504149413636918
2016-08-05,40.90318816377107,45.25940466865442,40.90318816377107,45.160400390625,76374048,0.407208623681953,0.29302055208289296,77.37550845564942,323.78522040259804,23.296314512419766
2016-08-08,44.31178228631856,44.5663650967305,43.80968456215128,44.453216552734375,26248103,0.5831152561422428,0.35103949289476294,72.15193330712076,284.4528382280159,20.789860157764537
2016-08-09,44.453216184648525,44.651227548581474,44.1491298285717,44.19156265258789,12821651,0.6934159789283143,0.4195147901014732,69.03297593677851,217.82090267163386,18.129500982058797
2016-08-10,43.908677416306254,44.6229277679911,43.89453597235213,44.29762649536133,9259499,0.7803926810596877,0.49169036829311613,69.50354261079809,169.4112762067635,15.823856363113824
2016-08-11,44.27642423285612,45.068464062651735,44.18449068493143,44.997745513916016,10862520,0.8954934072175789,0.5724509760780088,72.20684248380724,162.88890833322046,14.70364031641224
2016-08-12,44.65121679845178,44.87044028087509,44.50270901804614,44.79972457885742,6544026,0.9596704439210271,0.6498948696466125,72.07362224278273,131.01653266910867,12.827091043099593
2016-08-15,44.79973268637945,45.08260402711597,44.70072559675282,44.77851486206055,6969305,0.9973232394978169,0.7193805436168534,73.22089594002077,115.81389597305,11.815373747883775
2016-08-16,44.55222727576605,44.77852155502057,44.43907589540046,44.58051300048828,5952745,0.9996627657132109,0.7754369880361249,70.70895184421067,90.14809954869116,10.938552092030067
2016-08-17,44.57344087246191,44.85631224657094,44.26935167153075,44.75730514526367,8668532,1.0042066366536346,0.8211909177596269,72.50009614774687,80.93985274363413,10.458415237937093
2016-08-18,44.60879915018703,45.00481623792609,44.60879915018703,44.997745513916016,7259077,1.0155031274920034,0.8600533597061023,72.7773767379309,81.74298907485759,9.521177403902076
2016-08-19,44.67950423559799,44.86337128767696,44.46028074472667,44.80679702758789,8887040,0.9975486114048095,0.8875524100458438,71.01968757719862,68.20833729100165,8.708904614405062
2016-08-22,44.72901692680963,45.00481473420991,44.608797659702695,44.94116973876953,6756666,0.9828327981383964,0.9066084876643544,73.64133634642393,68.12655268906173,8.71574169617152
2016-08-23,45.05430916712296,45.17452840990822,44.81386785439437,44.96237564086914,6076723,0.9617945799559777,0.9176457061226792,78.53692928867099,68.7171357717963,9.705123363039576
2016-08-24,44.97654021047039,45.10383306020389,44.20571521369442,44.36129379272461,7842079,0.8864014743490429,0.9113968597679519,72.12677723672488,46.317385730160886,10.562587474325223
2016-08-25,44.45321811084391,44.62294093278697,44.03598319362874,44.07134246826172,8329190,0.7941013403767769,0.887937755889717,35.84552990639378,27.461866608619648,11.305723037439453
2016-08-26,44.18448016829274,44.54514072297949,43.97232739974019,44.446136474609375,8167902,0.742634930045881,0.8588771907209499,49.899277795746656,27.56572790456082,11.949773858805118
2016-08-29,44.49565065665333,44.75730419840484,44.297639285386616,44.55929565429688,5843438,0.7028761108722961,0.8276769747512192,55.46220106321383,37.586958043186364,14.57895054382055
2016-08-30,44.52393480450716,44.57343835236195,44.205704173231815,44.34714126586914,6474544,0.6467920579030491,0.7914999913815851,50.71300660272678,19.476856358437118,16.85757033750059
2016-08-31,44.60879530367296,44.63708102443299,44.14205688028521,44.40371322631836,9285804,0.59999357384158,0.7531987078735841,39.49992448026243,6.717204305872803,18.024450085516676
2016-09-01,44.34007685525744,44.538088260336266,44.12085327450069,44.48151397705078,6858846,0.5626968889647657,0.7150983440918204,44.12567093841946,-40.53910612561051,19.03574586713062
2016-09-02,44.26227767853287,44.74315756542518,44.26227767853287,44.53807830810547,7978634,0.5315755937298619,0.6783937940194287,45.618610807181085,-15.165443509263387,17.15092403673213
2016-09-06,44.54514176547848,44.884587333969904,44.38956325337612,44.7219352722168,8310954,0.5158016234466629,0.6458753599048755,52.590441506317305,31.340450524041664,15.833080304105001
2016-09-07,44.77144991755532,44.89874274410656,44.26935216275583,44.46029281616211,9084169,0.4766932556654808,0.6120389390569966,44.723616728290004,-17.51870388986366,14.854375325553075
2016-09-08,44.16326620771517,44.75729453899609,44.07840340201325,44.7219352722168,9627242,0.4614921576798423,0.5819295827815658,45.136902824150454,-33.56643664232138,14.006164344141407
2016-09-09,44.3329969178326,44.34714119250466,44.07134055861332,44.19156265258789,13191700,0.402014368715804,0.5459465399684135,40.311791165276276,-143.3893047979541,13.271048160251294
2016-09-12,43.84503742484757,44.89873344014264,43.78139243833995,44.68658065795898,11139716,0.39032221689361535,0.5148216753534539,46.399854136345745,-41.59855039566103,18.02331200276046
2016-09-13,44.43013578131167,44.722204017989554,43.717770199715936,44.031211853027344,10714123,0.3244334500652357,0.4767440302958103,38.834910601160885,-145.26588091357888,22.1419406662684
2016-09-14,44.10957589981359,44.40876958747431,43.6679107905324,43.70352935791016,10922046,0.24297403541752516,0.42999003132015334,41.55972059737738,-191.27874781270143,25.711418841308618
2016-09-15,43.62516290117743,44.60110067439213,43.539677783114975,44.437255859375,9429694,0.2349145108341304,0.3909749272229488,54.21524734618976,-90.16601661593715,30.10824592270141
2016-09-16,44.4871248560181,44.60822569470221,44.20930176693713,44.366024017333984,13029050,0.2202406678685449,0.35682807535206806,49.00772144948928,-18.42796817584286,27.464025299935273
2016-09-19,44.55123722339542,44.55123722339542,43.68215507521169,43.68927764892578,11829510,0.15224873680746498,0.3159122076431474,40.5440635774592,-149.45031172315322,25.172367426871283
2016-09-20,44.09532145495636,44.45862680203435,43.94572748089261,44.123817443847656,9653757,0.13190782019431424,0.2791113301533808,47.68469119065001,-73.48701090258383,25.405392373944498
2016-09-21,44.35176058387652,44.7506843727807,44.06681502037353,44.66519927978516,7565512,0.15765513659562203,0.25482009144182904,52.46332875504284,58.98434935515494,22.36324152311982
2016-09-22,44.82193131777827,45.213729773696485,44.757816771980806,44.893165588378906,8853294,0.19421624230673729,0.2426993216148107,53.77126385846509,219.26328917900562,24.18874714780306
2016-09-23,44.78631402050079,45.05701166092459,44.66521034607646,44.85042572021485,8048430,0.21723824456524454,0.2376071062048975,52.868774919591694,157.78969556771284,25.77085202252853
2016-09-26,44.54410843092735,44.57972699030579,44.08107285478752,44.27341079711914,7319022,0.18677009583631587,0.2274397041311812,46.15796841363677,-31.095567830117837,27.142009580623938
2016-09-27,44.38738499883573,44.66520518002014,44.04545027746286,44.57259750366211,7693158,0.18463735082037402,0.21887923346901977,50.955846638562704,11.365979261435946,27.21863045802982
2016-09-28,44.87892377027527,45.22085569902263,44.52274099930535,45.09263229370117,12361160,0.22234652414923062,0.21957269160506196,53.022145481958454,162.81327797692924,25.256470177158246
2016-09-29,44.89316991845248,44.89316991845248,43.8531204188903,44.102447509765625,11454640,0.1703677851710097,0.20973171031825152,49.32415034928012,-41.38882436244956,23.555931267069546
2016-09-30,44.08820544733138,44.68658997636878,44.06683487642547,44.45863342285156,14258354,0.15611587977701902,0.19900854421000502,48.23405984484675,-4.897174329001219,20.83113339224438
2016-10-03,44.32326834869114,44.57259538183707,43.93146994570021,44.53697967529297,7881065,0.14942060218700703,0.18909095580540544,54.30296531508259,-19.963416978278403,18.469641900729236
2016-10-04,44.508483983876246,44.84329611943199,44.12380815009871,44.49423599243164,8276475,0.13906246296729563,0.1790852572377835,57.069943250538685,27.29278388974169,18.19983707398271
2016-10-05,44.66520164460096,44.90740609837442,44.50848228834907,44.7364387512207,8249122,0.1486833721091898,0.17300488021206478,52.93287471757211,94.61216051400552,17.264525817486444
2016-10-06,44.515617919278405,44.65808931731027,43.98134234496113,44.63671875,11979164,0.14657185214168322,0.1677182745979885,52.63886771262927,5.897661753358705,16.45392272852301
2016-10-07,44.71508026123047,44.8717996597943,44.18793008654463,44.71508026123047,11292410,0.14949825360840663,0.16407427040007214,61.32080237641369,52.61677620381133,14.982134917930676
2016-10-10,45.7408839968014,46.20391961274387,45.192363261424376,45.520050048828125,21322503,0.21430144859886724,0.17411970603983118,64.24425075771845,274.20545710562664,20.236743754741486
2016-10-11,45.2564780892613,45.270726084799,43.98847198788455,44.116695404052734,14625259,0.150682482143786,0.16943226126062216,45.241170049889426,-10.305623818469973,24.79073807997752
2016-10-12,44.451504722556166,44.615349540775824,43.86736542269715,43.924354553222656,10607751,0.0837779535769485,0.15230139972388745,41.54229385906487,-94.72373355285514,28.73753316184875
2016-10-13,44.344653674032855,44.843310754216326,44.12382255007535,44.52986907958984,15239492,0.07870829422677872,0.13758277862446572,47.45192027790165,-7.110077653142413,29.42431877059264
2016-10-14,44.6794683608076,44.779198643138855,44.25917381222746,44.26629638671875,12790002,0.05281363639603143,0.12062895017877887,49.94048230712917,-24.52499573037235,28.68385270206666
2016-10-17,44.20217644347189,44.20217644347189,43.311720946977445,43.82462310791016,13681221,-0.0033092617683010417,0.0958413077893629,43.88830462691846,-189.84888069026843,28.04211544267747
2016-10-18,44.09532590249256,44.60822812325672,44.04546218873868,44.23067474365234,10467424,-0.014850897515700012,0.07370286672835032,42.8232669496827,-59.811860624054724,26.91178299746172
2016-10-19,44.259163278090895,44.38026410296341,44.03120677393796,44.07394790649414,5850670,-0.03622667438436622,0.05171695850580701,49.72446924094245,-86.7425616021859,25.932161544941405
2016-10-20,44.13093248424158,44.35888896490052,43.94571997962345,44.109561920166016,6626923,-0.0497202343801888,0.031429519928607846,46.402209306988745,-88.8266066614638,25.083156286090464
2016-10-21,43.845999172722216,44.09532628733896,43.47557121177148,43.59667205810547,7762222,-0.10063979050276828,0.00501565784233262,41.105234897778836,-181.62304171852773,24.347351728419646
2016-10-24,43.73913858786233,43.7961277139226,43.19774046634478,43.276100158691406,10420264,-0.16495982456343228,-0.028979438638820364,39.05255904364542,-208.9883383393079,23.70965444510494
2016-10-25,42.93416405912102,44.30190304177735,42.421261940624895,44.13093566894531,15917548,-0.1452811230857165,-0.0522397755281996,45.09809129163773,-139.87090147541448,23.21350979026
2016-10-26,43.98133865336563,44.05970119077937,43.13362721368737,43.3615837097168,10435774,-0.18958051755774363,-0.07970792393410842,40.68677410421187,-138.7620659197769,23.04697783109992
2016-10-27,43.56105158844111,44.20930262769456,43.4541987427836,43.66078186035156,10847534,-0.19825989987057113,-0.10341831912140095,42.54034042939097,-79.92897704372606,24.5013732117017
2016-10-28,43.46843688788826,43.50405544666637,41.63766233234477,41.91548538208008,21335603,-0.34202654354050566,-0.1511399640052219,27.491144529379568,-251.95273937560026,25.761849208223243
2016-10-31,42.09358457499621,42.13632856365366,41.58068234212138,41.83000946044922,14939030,-0.4575850809784967,-0.21242898739987687,32.90740691104864,-240.2952894229488,26.854261738541915
2016-11-01,42.02946318936146,42.44975762190278,41.68040587362778,42.24317169189453,15036075,-0.5099489413518938,-0.2719329781902803,37.83503128522823,-172.80689618174458,24.452004533218485
2016-11-02,42.07220476239184,42.39276894350492,41.85137083712353,41.91548538208008,11239486,-0.5713035923834653,-0.3318071010289173,30.2899456851533,-154.1624434926026,23.653098553198944
2016-11-03,42.15768571918677,42.186178854667865,41.52367999202967,41.6234130859375,11866504,-0.6361621079280297,-0.3926781024087398,30.16034015296337,-149.14308793160185,22.960713370515343
2016-11-04,41.80863361059574,42.22180551354342,41.75164448080607,41.90124130249024,11861893,-0.6575645389239426,-0.44565538971178037,35.19737981676799,-114.91459925113367,24.07641655580116
2016-11-07,42.39989342425482,42.8914250008896,42.371400284683965,42.77744674682617,10981258,-0.5969424817352618,-0.4759128081164767,39.57050595865494,-51.16413647095391,22.791229979537427
2016-11-08,42.61361187552219,43.29747866577729,42.39990047768382,43.10514068603516,8323321,-0.5165029775994299,-0.48403084201306734,43.21362283041532,-26.094212298730245,23.913795864765657
2016-11-09,45.562790696815966,46.30364938312656,44.70795375107296,45.719512939453125,29187953,-0.23904058830183317,-0.4350327912708205,58.28450442237803,167.31289497757226,30.629315646297897
2016-11-10,45.97596048454847,46.63133402219554,45.96171249080224,46.27515411376953,18719690,0.025393235888778065,-0.3429475858389008,63.72258699498039,197.90773295590625,31.069119268051818
2016-11-11,45.64827939092351,45.95459563115528,45.29209659032525,45.55567169189453,14734566,0.17488674271602633,-0.23938072012791534,61.22023869876054,138.79808320294364,31.450282406905217
2016-11-14,45.59127421059567,45.65538589602488,45.04987620248804,45.25646209716797,10610476,0.26614970212994393,-0.13827463567634352,55.860482964973365,107.64361093234588,31.780623793911495
2016-11-15,45.36332765876095,45.39894621885061,44.93591063346505,45.34195709228516,7640339,0.34143908929117117,-0.04233189068284059,61.102217051644274,94.94996034289615,32.06691966265027
2016-11-16,45.37757806832658,45.555668030366576,44.4871225623463,44.61534881591797,11297650,0.33857240374670283,0.0338489682030681,55.10669543333259,70.5456004306339,32.74493335226642
2016-11-17,44.5298504931074,44.72931381150413,44.2520303486228,44.66519927978516,8762642,0.3364447252525906,0.0943681196129726,67.97014569653975,49.325405479642924,33.33254521660042
2016-11-18,44.57260204735621,44.60822060711635,43.97421764789972,44.07394790649414,8066351,0.28377826103879755,0.1322501478981376,63.75542338787934,28.935529236881834,33.841808832356556
2016-11-21,44.12381463796362,44.444378829209775,43.96709525269793,44.38026428222656,7164862,0.26371691578967926,0.15854350147644594,63.27434005754944,28.735330150531993,34.28317063267854
2016-11-22,44.52274164445056,44.629594483766766,43.60379298688031,43.95285034179688,10052626,0.21089831767373113,0.16901446471590298,62.50002925582086,16.590584801372163,35.44282895232152
2016-11-23,42.97690632733356,43.952843973772296,42.61360103051491,43.91010284423828,9588152,0.16370276871583656,0.1679521255158897,64.4725075423666,-13.695868471234563,36.44786616267877
2016-11-25,44.03833140957158,44.45150330467502,43.98846770188364,44.31615447998047,3669362,0.1572522238796381,0.16581214518863938,65.03992956317663,25.053242300937736,34.97434037516126
2016-11-28,44.00984944485941,44.20931002204164,43.89587115850077,44.02409744262695,7806971,0.12710833279311373,0.15807138270953425,58.37331215250195,10.295681276183172,33.697284692646086
2016-11-29,44.13093919918485,44.494244539529184,44.10956863185754,44.30190658569336,10516575,0.12420420922016007,0.1512979480116594,58.092482716174786,19.759676849260863,30.641513304044576
2016-11-30,44.38739016497898,44.39451273787793,43.44706814781691,43.589542388916016,13132174,0.06368669261272686,0.1337756969318729,30.609478021882722,-17.35781827571942,27.993178100589937
2016-12-01,43.66790960317343,43.717773317834,43.20487108774344,43.283233642578125,8802047,-0.008887976147825327,0.10524296231593326,21.467289284435964,-53.913931537867924,25.697954257595914
2016-12-02,43.48981720193983,43.824626581376016,43.19062353904297,43.54680633544922,8376769,-0.04462144225657738,0.07527008140143114,29.017736899732213,-57.70434763659725,22.779277815481603
2016-12-05,43.82462640049323,43.83174897419363,42.627854601735706,42.91992568969727,13608490,-0.12211681402847319,0.03579270231545027,27.15873791295479,-101.95991862379823,20.183092405161474
2016-12-06,42.87005849626728,43.0196553248864,42.46401199565132,42.9412956237793,11171261,-0.1797361924525731,-0.0073130766381544025,26.23390748384608,-131.60356630479646,17.933065049550695
2016-12-07,42.528122933951,42.78457260131836,41.75877108395866,42.78457260131836,14723981,-0.2353334258591957,-0.05291714648236267,29.570498036341093,-157.78004942092196,15.983041341354687
2016-12-08,42.54950078249112,42.99829133703519,42.38565878160606,42.82732391357422,8998757,-0.2728002883669447,-0.09689377485927908,29.45873396479321,-119.04139237691466,19.377670861912588
2016-12-09,43.09089462651652,43.81750538970685,43.02678006936475,43.6180419921875,11021187,-0.23596860698515343,-0.12470874128445394,45.12200199016995,-46.87261912134537,18.30113125056553
2016-12-12,43.76762346449097,44.23778437770366,43.66789322468507,43.96708679199219,8641808,-0.17657874600946855,-0.13508274222945688,45.619233438654206,6.654980005811189,18.09233292203556
2016-12-13,44.3619049819538,44.47675498150633,43.96709716759537,44.3547248840332,8218626,-0.09711323794821425,-0.12748884137320837,54.29717040777611,49.04666037558811,19.237500641306465
2016-12-14,44.397799841765895,45.05102235126137,44.21116319919943,44.361907958984375,11612574,-0.033174224366256055,-0.1086259179718179,54.86809396352733,89.6395690649305,16.696523609363243
2016-12-15,44.50546715413354,44.9648786057216,44.39061429123653,44.77106475830078,8917851,0.04993778706782592,-0.07691317696388913,54.89827370067512,112.67310414194787,15.42782016154965
2016-12-16,44.97923774078252,45.24483535563623,44.54136082465155,44.82131576538086,18406758,0.11849357109730363,-0.03783182735165058,59.055653099320764,127.39657020980009,14.015277192585357
2016-12-19,44.36190663835399,44.69928516091826,43.69432395192721,43.88813781738281,12512072,0.09641346790576932,-0.010982768300166604,45.90906382217984,34.75563780854216,12.791073286149638
2016-12-20,43.9240334290975,44.27576930816486,43.33541168455661,43.42873001098633,10875201,0.04136759659979106,-0.0005126953201750727,48.3263299316811,-12.545093349878272,11.730096567238679
2016-12-21,43.49331858209808,43.65124339416813,42.59603038381777,42.66063690185547,12630706,-0.06350332092500821,-0.013110820441141702,44.08848760034828,-90.20098259769254,10.810583410849183
2016-12-22,42.79702995606224,43.069804777936966,42.46682870485898,42.76831817626953,10584800,-0.13635350141512248,-0.03775935663593786,42.38281366641383,-103.17588992579405,10.013672008644953
2016-12-23,42.90470438725097,42.96930804228507,42.53143117218367,42.75395965576172,7955892,-0.1930213766383062,-0.06881176063641153,48.15493037785179,-93.83859815746165,8.73636487084272
2016-12-27,42.97648905210315,43.17030002132173,42.75396056379889,42.91905975341797,6094749,-0.22204923260824927,-0.0994592550307791,49.7604556643667,-65.85211300974005,9.8392693119456
2016-12-28,42.86882719537267,42.96932276087463,42.50273395195952,42.54580307006836,6470981,-0.27203684114127213,-0.1339747722528777,47.54242026372494,-87.24598252001623,10.795119827568094
2016-12-29,42.56014326838474,42.775491641992645,42.33761479815277,42.38068389892578,6833065,-0.3212726866512554,-0.17143435513255328,45.515830400926525,-95.06994641539539,11.623523607774256
2016-12-30,42.19405570316515,42.31608579459878,42.03613373313498,42.25865936279297,11289685,-0.36592070311952085,-0.21033162472994682,34.23536052775006,-110.17169127044936,12.341473550619597
